"name","position","team","rank"
"Caleb Downs","S","Ohio State",1
"Fernando Mendoza","QB","Indiana",2
"Arvell Reese","LB","Ohio State",3
"Jeremiyah Love","HB","Notre Dame",4
"Rueben Bain Jr.","ED","Miami (FL)",5
"David Bailey","ED","Texas Tech",6
"Jordyn Tyson","WR","Arizona State",7
"Carnell Tate","WR","Ohio State",8
"Peter Woods","DI","Clemson",9
"Sonny Styles","LB","Ohio State",10
"Makai Lemon","WR","USC",11
"Jermod McCoy","CB","Tennessee",12
"Keldric Faulk","ED","Auburn",13
"Mansoor Delane","CB","LSU",14
"Cashius Howell","ED","Texas A&M",15
"Caleb Banks","DI","Florida",16
"Spencer Fano","T","Utah",17
"Avieon Terrell","CB","Clemson",18
"Francis Mauigoa","T","Miami (FL)",19
"Denzel Boston","WR","Washington",20
"Kayden McDonald","DI","Ohio State",21
"Olaivavega Ioane","G","Penn State",22
"T.J. Parker","ED","Clemson",23
"Kenyon Sadiq","TE","Oregon",24
"Kadyn Proctor","T","Alabama",25
"KC Concepcion","WR","Texas A&M",26
"Caleb Lomu","T","Utah",27
"CJ Allen","LB","Georgia",28
"Colton Hood","CB","Tennessee",29
"Christen Miller","DI","Georgia",30
"Monroe Freeling","T","Georgia",31
"Brandon Cisse","CB","South Carolina",32
"Akheem Mesidor","ED","Miami (FL)",33
"Ty Simpson","QB","Alabama",34
"Keith Abney II","CB","Arizona State",35
"Chris Bell","WR","Louisville",36
"R Mason Thomas","ED","Oklahoma",37
"Anthony Hill Jr.","LB","Texas",38
"Gabe Jacas","ED","Illinois",39
"Germie Bernard","WR","Alabama",40
"A.J. Haulcy","S","LSU",41
"Emmanuel Pregnon","G","Oregon",42
"Chris Johnson","CB","San Diego State",43
"Gennings Dunker","T","Iowa",44
"Caleb Tiernan","T","Northwestern",45
"Jake Golday","LB","Cincinnati",46
"Zion Young","ED","Missouri",47
"Deontae Lawson","LB","Alabama",48
"Dillon Thieneman","S","Oregon",49
"Eli Stowers","TE","Vanderbilt",50
"Emmanuel McNeil-Warren","S","Toledo",51
"LT Overton","ED","Alabama",52
"Lee Hunter","DI","Texas Tech",53
"Keionte Scott","CB","Miami (FL)",54
"Kamari Ramsey","S","USC",55
"Romello Height","ED","Texas Tech",56
"Ahmad Moten Sr.","DI","Miami (FL)",57
"D'Angelo Ponds","CB","Indiana",58
"Dontay Corleone","DI","Cincinnati",59
"Omar Cooper Jr.","WR","Indiana",60
"Jadarian Price","HB","Notre Dame",61
"Josiah Trotter","LB","Missouri",62
"Joshua Josephs","ED","Tennessee",63
"Connor Lew","C","Auburn",64
"Domonique Orange","DI","Iowa State",65
"Elijah Sarratt","WR","Indiana",66
"Trinidad Chambliss","QB","Mississippi",67
"Chandler Rivers","CB","Duke",68
"Anthony Lucas","ED","USC",69
"Ja'Kobi Lane","WR","USC",70
"Max Klare","TE","Ohio State",71
"Jack Endries","TE","Texas",72
"Daylen Everette","CB","Georgia",73
"CJ Daniels","WR","Miami (FL)",74
"Michael Trigg","TE","Baylor",75
"Chris Brazzell II","WR","Tennessee",76
"Derrick Moore","ED","Michigan",77
"Jake Slaughter","C","Florida",78
"Blake Miller","T","Clemson",79
"Jonah Coleman","HB","Washington",80
"Skyler Bell","WR","Connecticut",81
"Taurean York","LB","Texas A&M",82
"Garrett Nussmeier","QB","LSU",83
"Carter Smith","T","Indiana",84
"Emmett Johnson","HB","Nebraska",85
"Zachariah Branch","WR","Georgia",86
"Julian Neal","CB","Arkansas",87
"Darrell Jackson Jr.","DI","Florida State",88
"Justin Joly","TE","North Carolina State",89
"Deion Burks","WR","Oklahoma",90
"Chase Bisontis","G","Texas A&M",91
"Dani Dennis-Sutton","ED","Penn State",92
"Jacob Rodriguez","LB","Texas Tech",93
"Carson Beck","QB","Miami (FL)",94
"Isaiah World","T","Oregon",95
"Zakee Wheatley","S","Penn State",96
"Antonio Williams","WR","Clemson",97
"Seth McGowan","HB","Kentucky",98
"Mikail Kamara","ED","Indiana",99
"Malachi Fields","WR","Notre Dame",100
"Tyreak Sapp","ED","Florida",101
"Brian Parker II","T","Duke",102
"Jaishawn Barham","ED","Michigan",103
"Sam Roush","TE","Stanford",104
"Will Lee III","CB","Texas A&M",105
"Xavier Scott","CB","Illinois",106
"Genesis Smith","S","Arizona",107
"Malik Muhammad","CB","Texas",108
"Skyler Gill-Howard","DI","Texas Tech",109
"De'Zhaun Stribling","WR","Mississippi",110
"Marlin Klein","TE","Michigan",111
"Nicholas Singleton","HB","Penn State",112
"J.C. Davis","T","Illinois",113
"Austin Barber","T","Florida",114
"Josh Cuevas","TE","Alabama",115
"Kaytron Allen","HB","Penn State",116
"Joe Royer","TE","Cincinnati",117
"Max Iheanachor","T","Arizona State",118
"Albert Regis","DI","Texas A&M",119
"Cade Klubnik","QB","Clemson",120
"Michael Taaffe","S","Texas",121
"Drew Allar","QB","Penn State",122
"Eli Raridon","TE","Notre Dame",123
"Demond Claiborne","HB","Wake Forest",124
"DJ Campbell","G","Texas",125
"Eric McAlister","WR","TCU",126
"Jude Bowry","T","Boston College",127
"Eric Rivers","WR","Georgia Tech",128
"Tim Keenan III","DI","Alabama",129
"Keylan Rutledge","G","Georgia Tech",130
"Jalen Stroman","S","Notre Dame",131
"Jalon Kilgore","CB","South Carolina",132
"Trey Moore","LB","Texas",133
"Bryce Lance","WR","North Dakota State",134
"Mike Washington Jr.","HB","Arkansas",135
"Hezekiah Masses","CB","California",136
"Drew Shelton","T","Penn State",137
"David Oke","DI","Arkansas",138
"Thaddeus Dixon","CB","North Carolina",139
"J'Mari Taylor","HB","Virginia",140
"Ar'maj Reed-Adams","G","Texas A&M",141
"Aaron Anderson","WR","LSU",142
"Harold Perkins Jr.","LB","LSU",143
"Pat Coogan","C","Indiana",144
"Ted Hurst","WR","Georgia State",145
"Miles Kitselman","TE","Tennessee",146
"Kobe Baynes","G","Kansas",147
"Davison Igbinosun","CB","Ohio State",148
"Malachi Lawrence","ED","UCF",149
"Le'Veon Moss","HB","Texas A&M",150
"Jaeden Roberts","G","Alabama",151
"Nadame Tucker","ED","Western Michigan",152
"Tanner Koziol","TE","Houston",153
"Tacario Davis","CB","Washington",154
"Dae'Quan Wright","TE","Mississippi",155
"Chase Roberts","WR","BYU",156
"Aiden Fisher","LB","Indiana",157
"Bishop Fitzgerald","S","USC",158
"Cole Brevard","DI","Texas",159
"John Michael Gyllenborg","TE","Wyoming",160
"Trey Zuhn III","T","Texas A&M",161
"Jaydn Ott","HB","Oklahoma",162
"Earnest Greene III","T","Georgia",163
"George Gumbs Jr.","ED","Florida",164
"DeMonte Capehart","DI","Clemson",165
"Zavion Thomas","WR","LSU",166
"Oscar Delp","TE","Georgia",167
"Logan Jones","C","Iowa",168
"Jalon Daniels","QB","Kansas",169
"Devon Marshall","CB","North Carolina State",170
"Desmond Reid","HB","Pittsburgh",171
"Isaiah Nwokobia","S","SMU",172
"Max Llewellyn","ED","Iowa",173
"Nate Boerkircher","TE","Texas A&M",174
"Brenen Thompson","WR","Mississippi State",175
"Zxavian Harris","DI","Mississippi",176
"Robert Spears-Jennings","S","Oklahoma",177
"Diego Pavia","QB","Vanderbilt",178
"Kevin Coleman Jr.","WR","Missouri",179
"Kyle Louis","LB","Pittsburgh",180
"Kage Casey","T","Boise State",181
"Dane Key","WR","Nebraska",182
"Parker Brailsford","C","Alabama",183
"Bud Clark","S","TCU",184
"Jermaine Mathews Jr.","CB","Ohio State",185
"Aamil Wagner","T","Notre Dame",186
"Domani Jackson","CB","Alabama",187
"Caleb Douglas","WR","Texas Tech",188
"TJ Guy","ED","Michigan",189
"Roman Hemby","HB","Indiana",190
"Noah Thomas","WR","Georgia",191
"Cole Wisniewski","S","Texas Tech",192
"J. Michael Sturdivant","WR","Florida",193
"Terion Stewart","HB","Virginia Tech",194
"DJ Harvey","CB","USC",195
"Vincent Anthony Jr.","ED","Duke",196
"Lake McRee","TE","USC",197
"Rahsul Faison","HB","South Carolina",198
"Josh Cameron","WR","Baylor",199
"Zane Durant","DI","Penn State",200
"Fa'alili Fa'amoe","T","Wake Forest",201
"Luke Altmyer","QB","Illinois",202
"Eli Heidenreich","FB","Navy",203
"Sawyer Robertson","QB","Baylor",204
"Rayshaun Benny","DI","Michigan",205
"Taylen Green","QB","Arkansas",206
"Kaelon Black","HB","Indiana",207
"Ethan Onianwa","G","Ohio State",208
"Cole Payton","QB","North Dakota State",209
"Jeadyn Lukus","CB","Clemson",210
"Tommy Castellanos","QB","Florida State",211
"Josh Moten","CB","Southern Miss",212
"Joshua Braun","G","Kentucky",213
"Patrick Payton","ED","LSU",214
"Jalen Catalon","S","Missouri",215
"Miller Moss","QB","Louisville",216
"Elijah Pritchett","T","Nebraska",217
"Raion Strader","CB","Pittsburgh",218
"Tyreek Chappell","CB","Texas A&M",219
"Eric O'Neill","ED","Rutgers",220
"Logan Fano","ED","Utah",221
"Riley Nowakowski","TE","Indiana",222
"Trebor Pena","WR","Penn State",223
"Lander Barton","LB","Utah",224
"Peyton Bowen","S","Oklahoma",225
"Jake Retzlaff","QB","Tulane",226
"Dametrious Crownover","T","Texas A&M",227
"Connor Tollison","C","Missouri",228
"Dillon Bell","WR","Georgia",229
"Chip Trayanum","HB","Toledo",230
"Jerry Wilson","CB","Florida State",231
"Gracen Halton","DI","Oklahoma",232
"Jaren Kanak","TE","Oklahoma",233
"Nolan Rucci","T","Penn State",234
"Jamal Haynes","HB","Georgia Tech",235
"Joe Fagnano","QB","Connecticut",236
"Dallen Bentley","TE","Utah",237
"Reggie Virgil","WR","Texas Tech",238
"Kyron Drones","QB","Virginia Tech",239
"Athan Kaliakmanis","QB","Rutgers",240
"VJ Payne","S","Kansas State",241
"Jam Miller","HB","Alabama",242
"Tomas Rimac","G","Virginia Tech",243
"Riley Mahlman","T","Wisconsin",244
"Daniel Harris","CB","California",245
"RJ Maryland","TE","SMU",246
"Keeshawn Silver","DI","USC",247
"Eric Gentry","LB","USC",248
"Carsen Ryan","TE","BYU",249
"Xavier Nwankpa","S","Iowa",250
"Bryce Foster","C","Kansas",251
"Ben Bell","ED","Virginia Tech",252
"Noah Whittington","HB","Oregon",253
"Davion Carter","G","Texas Tech",254
"Jack Velling","TE","Michigan State",255
"Brandon Cleveland","DI","North Carolina State",256
"Dean Connors","HB","Houston",257
"Luke Petitbon","C","Florida State",258
"Behren Morton","QB","Texas Tech",259
"Squirrel White","WR","Florida State",260
"Micah Pettus","T","Florida State",261
"Jeremiah Wright","G","Auburn",262
"Gary Smith III","DI","UCLA",263
"Bryce Boettcher","LB","Oregon",264
"Hank Beatty","WR","Illinois",265
"Treydan Stukes","CB","Arizona",266
"Austin Brown","S","Wisconsin",267
"Mel Brown","HB","Colorado State",268
"Harrison Wallace III","WR","Mississippi",269
"Landon Robinson","DI","Navy",270
"Jeff Persi","T","Pittsburgh",271
"Fernando Carmona","G","Arkansas",272
"Cameron Ball","DI","Arkansas",273
"Adam Randall","HB","Clemson",274
"Scooby Williams","LB","Texas A&M",275
"Nikai Martinez","S","Michigan State",276
"CJ Donaldson","HB","Ohio State",277
"Jeremiah Franklin","TE","Boston College",278
"Diego Pounds","T","Mississippi",279
"Josh Thompson","G","LSU",280
"Jack Pyburn","ED","LSU",281
"Xavian Sorey Jr.","LB","Arkansas",282
"Stephen Hall","CB","Missouri",283
"Jalen Huskey","S","Maryland",284
"Caullin Lacy","WR","Louisville",285
"Grayson James","QB","Boston College",286
"Logan Diggs","HB","Mississippi",287
"Lewis Bond","WR","Boston College",288
"Seydou Traore","TE","Mississippi State",289
"Jaren Kump","C","Utah",290
"Jackie Marshall","ED","Baylor",291
"Tre Smith","ED","Arizona",292
"Mark Gronowski","QB","Iowa",293
"Walker Eget","QB","San Jose State",294
"Donavon Greene","WR","Virginia Tech",295
"Izavion Miller","G","Auburn",296
"Dillon Wade","G","Auburn",297
"Sam Hecht","C","Kansas State",298
"Damonic Williams","DI","Oklahoma",299
"Keyron Crawford","ED","Auburn",300
"Wesley Bissainthe","LB","Miami (FL)",301
"DaShawn Jones","CB","Alabama",302
"Ahmaad Moses","S","SMU",303
"Al-Jay Henderson","HB","Buffalo",304
"Chris Hilton Jr.","WR","LSU",305
"Bauer Sharp","TE","LSU",306
"Ryan Baer","T","Pittsburgh",307
"Mason Randolph","C","Boise State",308
"Dean Miller","ED","Kansas",309
"Jaylon Guilbeau","CB","Texas",310
"Gunner Maldonado","S","Kansas State",311
"Colbie Young","WR","Georgia",312
"Tanner Arkin","TE","Illinois",313
"Garrett DiGiorgio","G","UCLA",314
"Mark Petry","C","Syracuse",315
"Mo Westmoreland","ED","Tulane",316
"Kendal Daniels","S","Oklahoma",317
"Amari Jackson","CB","Maryland",318
"DQ Smith","S","South Carolina",319
"Maverick McIvor","QB","Western Kentucky",320
"Devin Mockobee","HB","Purdue",321
"Devonte Ross","WR","Penn State",322
"Jimmori Robinson","ED","West Virginia",323
"Rohan Jones","TE","Arkansas",324
"Tristan Leigh","T","Clemson",325
"Daniel King","G","North Carolina",326
"Barion Brown","WR","LSU",327
"Chris McClellan","DI","Missouri",328
"Marvin Jones Jr.","ED","Oklahoma",329
"Marcus Allen","CB","North Carolina",330
"JJ Johnson","S","North Carolina State",331
"Roydell Williams","HB","Florida State",332
"Chris Adams","T","Memphis",333
"Weylin Lapuaho","G","BYU",334
"Deven Eastern","DI","Minnesota",335
"Aidan Hubbard","ED","Northwestern",336
"Kentrel Bullock","HB","South Alabama",337
"Mohamed Toure","LB","Miami (FL)",338
"Devin Moore","CB","Florida",339
"Shyheim Brown","S","Florida State",340
"Anthony Hankerson","HB","Oregon State",341
"Jahmal Edrine","WR","Virginia",342
"Malik Rutherford","WR","Georgia Tech",343
"Matthew Hibner","TE","SMU",344
"Trevor Brock","T","Buffalo",345
"Da'Shawn Womack","ED","Auburn",346
"Kam Dewberry","G","Alabama",347
"Will Whitson","ED","Mississippi State",348
"Caden Curry","ED","Ohio State",349
"Wade Woodaz","LB","Clemson",350
"Phillip Dunnam","S","UCF",351
"Blake Shapen","QB","Mississippi State",352
"Angel Johnson","HB","Washington State",353
"Kobe Prentice","WR","Baylor",354
"Amari Niblack","TE","Texas A&M",355
"PJ Williams","T","SMU",356
"Anez Cooper","G","Miami (FL)",357
"J'Onre Reed","C","USC",358
"Ethan Burke","ED","Texas",359
"Kaleb Elarms-Orr","LB","TCU",360
"Collin Wright","CB","Stanford",361
"Kendel Dolby","S","Mississippi State",362
"Charles Demmings","CB","Stephen F. Austin",363
"Davon Booth","HB","Mississippi State",364
"Jalen Walthall","WR","Incarnate Word",365
"Ethan Conner","TE","Troy",366
"Jay Green","S","Stanford",367
"Mason Murphy","T","Auburn",368
"Micah Morris","G","Georgia",369
"Nick Dawkins","C","Penn State",370
"Jacobian Guillory II","DI","LSU",371
"Roy Williams","ED","Northern Illinois",372
"Jordan Mosley","WR","Mississippi State",373
"Toriano Pride Jr.","CB","Missouri",374
"Vinny Anthony II","WR","Wisconsin",375
"Chase Mason","QB","South Dakota State",376
"Jaquez Moore","HB","Duke",377
"Miles Capers","ED","Vanderbilt",378
"Max Tomczak","WR","Youngstown State",379
"Chamon Metayer","TE","Arizona State",380
"Conner Moore","T","Michigan State",381
"Nyjalik Kelly","ED","UCF",382
"Keyshaun Elliott","LB","Arizona State",383
"Avery Smith","CB","Toledo",384
"Tyler Van Dyke","QB","SMU",385
"Cash Jones","HB","Georgia",386
"Trey White","ED","Texas Tech",387
"Matt Lauter","TE","Boise State",388
"Hunter Zambrano","T","Texas Tech",389
"Corey Walker","ED","Wisconsin",390
"Jack Kelly","LB","BYU",391
"Ryan Mosesso","T","Massachusetts",392
"Ceyair Wright","CB","Nebraska",393
"Kaidon Salter","QB","Colorado",394
"Jordan Pollard","LB","San Jose State",395
"Luke Hasz","TE","Mississippi",396
"Romello Brinson","WR","SMU",397
"Caleb Fauria","TE","Delaware",398
"Logan Taylor","G","Boston College",399
"Desmond Purnell","LB","Kansas State",400
"Justin Jefferson","LB","Alabama",401
"Jayden Williams","S","UCF",402
"Ricardo Hallman","CB","Wisconsin",403
"Kam Olds","ED","Kentucky",404
"James Brockermeyer","C","Miami (FL)",405
"Triston Newson","LB","Missouri",406
"Zach Calzada","QB","Kentucky",407
"Ja'Mori Maclin","WR","Kentucky",408
"Alex Harkey","T","Oregon",409
"Ka'ena Decambra","C","Arizona",410
"DT Sheffield","WR","Rutgers",411
"Namdi Obiazor","LB","TCU",412
"Will Ferrin","K","BYU",413
"Drew Stevens","K","Iowa",414
"Dominic Zvada","K","Michigan",415
"Palmer Williams","P","Baylor",416
"Brett Thorson","P","Georgia",417
"Ryan Eckley","P","Michigan State",418
"Jack Stonehouse","P","Syracuse",419
